{"cameraMode":{"drawMode":0,"name":"Shaded","section":"Shading Mode"},"sceneLighting":false,"audioPlay":false,"sceneViewState":{"showFog":true,"showMaterialUpdate":false,"showSkybox":false,"showFlares":true,"showImageEffects":true,"showParticleSystems":true},"in2DMode":false,"pivot":{"x":15.889999389648438,"y":-1.100000023841858,"z":0.0},"rotation":{"x":-0.1435321569442749,"y":0.061412274837493899,"z":-0.008924462832510472,"w":-0.9876977801322937},"size":7.867586612701416,"orthographic":false}